{
  "build": {
      "arduino": {
          "ldscript": "esp32s3_out.ld",
          "partitions": "default_16MB.csv",
          "memory_type": "qio_opi"
      },
      "core": "esp32",
      "extra_flags": [
          "-DARDUINO_ESP32S3_DEV",
          "-DARDUINO_USB_MODE=1",
          "-DARDUINO_USB_CDC_ON_BOOT=1"
      ],
      "f_cpu": "240000000L",
      "f_flash": "80000000L",
      "flash_mode": "qio",
      "psram_type": "opi",
      "hwids": [
          [
              "0x303A",
              "0x1001"
          ]
      ],
      "mcu": "esp32s3",
      "variant": "esp32s3"
  },
  "connectivity": [
      "wifi",
      "bluetooth"
  ],
  "debug": {
      "default_tool": "esp-builtin",
      "onboard_tools": [
          "esp-builtin"
      ],
      "openocd_target": "esp32s3.cfg"
  },
  "frameworks": [
      "arduino",
      "espidf"
  ],
  "name": "ESP32-S3 with Waveshare 1.3-inch OLED",
  "upload": {
      "flash_size": "16MB",
      "maximum_ram_size": 327680,
      "maximum_size": 16777216,
      "require_upload_port": true,
      "speed": 921600
  },
  "url": "https://www.waveshare.com/1.3inch-oled-b.htm",
  "vendor": "Waveshare"
}
