{
    "build": {
      "arduino": {
        "ldscript": "esp32s3_out.ld",
        "partitions": "default_16MB.csv",
        "memory_type": "qio_opi"
      },
      "core": "esp32",
      "extra_flags": [
        "-DBOARD_HAS_PSRAM",
        "-DARDUINO_USB_MODE=0",
        "-DARDUINO_RUNNING_CORE=1",
        "-DARDUINO_EVENT_RUNNING_CORE=1"
      ],
      "f_cpu": "240000000L",
      "f_flash": "80000000L",
      "flash_mode": "qio",
      "hwids": [["0x303A", "0x1001"]],
      "mcu": "esp32s3",
      "variant": "esp32s3"
    },
    "connectivity": ["wifi"],
    "debug": {
      "default_tool": "esp-builtin",
      "onboard_tools": ["esp-builtin"],
      "openocd_target": "esp32s3.cfg"
    },
    "frameworks": ["arduino", "espidf"],
    "name": "WAVESAHRE-ESP-LCD (16M QIO Flash & OPI PSRAM)",
    "upload": {
      "flash_size": "16MB",
      "maximum_ram_size": 327680,
      "maximum_size": 8388608,
      "require_upload_port": true,
      "speed": 921600
    },
    "url": "https://www.espressif.com",
    "vendor": "WAVESAHRE-ESP-LCD"
  }
