{
    "$schema": "https://raw.githubusercontent.com/platformio/platformio-core/develop/platformio/assets/schema/library.json",
    "name": "esp32_smartdisplay",
    "version": "2.0.10",
    "description": "LVGL driver for Sunton ESP32 Cheap Yellow Display display boards",
    "keywords": "LVGL Sunton CYD LCD TFT Touch",
    "repository": {
        "type": "git",
        "url": "https://github.com/rzeldent/esp32-smartdisplay"
    },
    "build": {
        "srcDir": "src/",
        "includeDir": "include/",
        "flags": [
            "'-D ESP_LCD_PANEL_IO_ADDITIONS_VER_MAJOR=1'",
            "'-D ESP_LCD_PANEL_IO_ADDITIONS_VER_MINOR=0'",
            "'-D ESP_LCD_PANEL_IO_ADDITIONS_VER_PATCH=1'"
        ]
    },
    "export": {
        "exclude": [
            "**/.*",
            "test/**/*",
            "assets/**/*",
            "boards/**/*"
        ]
    },
    "authors": [
        {
            "name": "Rene Zeldenthuis",
            "maintainer": true
        }
    ],
    "license": "MIT",
    "frameworks": "arduino",
    "platforms": "espressif32",
    "dependencies": {
        "lvgl/lvgl": "^8.4.0"
    }
}